superboomfan,1956.3888731192405,72.57095414273329
superboom,1907.2298030988004,162.58345555332244
wizzrobe,1831.1640461915297,82.93792237379876
alvin,1827.4565340244526,110.20831912594903
mariguas,1809.7877861142442,87.52337663106738
isai,1800.395412910244,105.55630920630222
tacos,1789.8815220653526,80.8998869337702
revan,1784.175224589379,81.8998924965755
tr3gthez,1782.9306540141786,92.96449344542087
dext3r,1780.6770291638163,110.20831912594903
kerokeroppi,1778.1777988008848,82.93792237379876
smash jesus,1755.358260540123,148.66231677760138
heropie,1755.358260540123,148.66231677760138
wangera,1755.358260540123,148.66231677760138
kimimaru,1755.358260540123,148.66231677760138
bark the shark,1750.78058875915,87.52337663106738
stranded,1731.7962938043484,155.1564405448087
kurabba,1731.7962938043484,155.1564405448087
prince,1731.7962938043484,155.1564405448087
marbles,1731.7962938043484,155.1564405448087
lowww,1731.7962938043484,155.1564405448087
fireblaster,1728.3812150179974,79.00506873400876
sotoh,1728.2400253254136,121.7173465373465
wookiee,1711.3202234342043,125.20540482411681
fox,1711.3202234342043,125.20540482411681
handles,1711.3202234342043,125.20540482411681
jaimehr,1705.6434058970328,115.53510588899712
janitor,1703.6149015494002,162.58345555332244
esid,1696.6789796125786,142.92083248799463
nothing,1692.311718804667,129.01161613148298
nattybroh,1692.311718804667,129.01161613148298
nintendude,1671.6545216629966,105.55630920630222
gildo,1671.450841644658,112.77747240346957
handsometom,1671.1800189940602,121.7173465373465
spongy,1670.8023014850546,133.18748653434594
poobearninja,1670.8023014850546,133.18748653434594
dusttin,1670.8023014850546,133.18748653434594
near,1670.2388403600821,148.66231677760138
derek #squats,1670.2388403600821,148.66231677760138
mrmarbles,1669.3079546735532,171.19048424642259
sheermadness,1669.3079546735532,171.19048424642259
lorenzo,1669.3079546735532,171.19048424642259
jay_mute$,1669.3079546735532,171.19048424642259
facechew,1669.3079546735532,171.19048424642259
ybombb,1669.3079546735532,171.19048424642259
finio,1669.3079546735532,171.19048424642259
jxc,1669.3079546735532,171.19048424642259
bonobono,1669.3079546735532,171.19048424642259
shears,1665.0216228850325,75.58338946499205
robert,1650.9430167387175,125.20540482411681
cobr,1650.9430167387175,125.20540482411681
p21/c,1646.2636562982284,137.79700659050764
starchild,1646.2636562982284,137.79700659050764
firo,1644.2377766072693,103.4408440843216
amida,1640.3385145819082,110.20831912594903
quickcav,1639.077776282609,155.1564405448087
kort,1639.077776282609,155.1564405448087
zero,1639.077776282609,155.1564405448087
d35,1639.077776282609,155.1564405448087
barksanchez,1635.2208127586912,118.50545305967287
dajjal,1635.2208127586912,118.50545305967287
shihman,1633.632546706522,99.56545177597415
combo blaze,1628.7408912472474,105.55630920630222
greeno,1628.7408912472474,105.55630920630222
jason,1628.2078125364446,129.01161613148298
hotline,1626.6347392980852,181.327218071054
tonester,1626.6347392980852,181.327218071054
a$,1626.6347392980852,181.327218071054
loto,1626.6347392980852,181.327218071054
the american patriot,1626.6347392980852,181.327218071054
zantetsu,1626.6347392980852,181.327218071054
natendo,1626.6347392980852,181.327218071054
xyk,1626.6347392980852,181.327218071054
the big d,1626.6347392980852,181.327218071054
heny935,1626.6347392980852,181.327218071054
b0n,1626.6347392980852,181.327218071054
v,1626.6347392980852,181.327218071054
yobolight,1622.4648868890415,112.77747240346957
hipstur,1622.4648868890415,112.77747240346957
b.i.,1618.007387767547,142.92083248799463
dark gentleman,1618.007387767547,142.92083248799463
waxy:joe,1618.007387767547,142.92083248799463
duncs,1618.007387767547,142.92083248799463
smurf,1614.1200126627068,121.7173465373465
darkhorse,1602.8217029485165,115.53510588899712
daniel,1602.4813808910328,133.18748653434594
janco,1602.4813808910328,133.18748653434594
kaz,1602.4813808910328,133.18748653434594
snorlax,1602.4813808910328,133.18748653434594
onski,1601.8074507747,162.58345555332244
shalaka,1601.8074507747,162.58345555332244
tot,1601.8074507747,162.58345555332244
llcstoism,1601.8074507747,162.58345555332244
fingerblast,1601.8074507747,162.58345555332244
$$$ jim $$$,1601.8074507747,162.58345555332244
sax,1601.8074507747,162.58345555332244
sunnyb,1601.8074507747,162.58345555332244
banze,1601.8074507747,162.58345555332244
sextc,1601.8074507747,162.58345555332244
eggmode,1601.8074507747,162.58345555332244
mr.sir,1591.0987361063992,88.79369254671144
daniels,1590.5658100432304,125.20540482411681
lord narwhal,1590.5658100432304,125.20540482411681
clubbadubba,1590.5658100432304,125.20540482411681
umbra,1585.119420180041,148.66231677760138
mustard tiger,1585.119420180041,148.66231677760138
zyrg,1585.119420180041,148.66231677760138
dogs_johnson,1585.119420180041,148.66231677760138
tbq,1585.119420180041,148.66231677760138
elated,1585.119420180041,148.66231677760138
knitephox,1581.1324876552146,118.50545305967287
bard,1581.1324876552146,118.50545305967287
jimmy joe,1573.6537226537732,97.78425280638199
gt,1573.478932133425,112.77747240346957
freean,1573.1318281491142,137.79700659050764
preston,1573.1318281491142,137.79700659050764
toro,1572.1099172881784,193.50806262707775
chuck lubs,1572.1099172881784,193.50806262707775
1000,1572.1099172881784,193.50806262707775
stonehaus,1572.1099172881784,193.50806262707775
mando,1572.1099172881784,193.50806262707775
jungle,1572.1099172881784,193.50806262707775
wazzberry,1572.1099172881784,193.50806262707775
notlightningrunner,1572.1099172881784,193.50806262707775
rossi,1572.1099172881784,193.50806262707775
b33f,1572.1099172881784,193.50806262707775
pugs,1572.1099172881784,193.50806262707775
sedda,1572.1099172881784,193.50806262707775
jsmirk,1572.1099172881784,193.50806262707775
beguiler,1572.1099172881784,193.50806262707775
professor_wizard,1572.1099172881784,193.50806262707775
zergos,1572.1099172881784,193.50806262707775
no~m,1572.1099172881784,193.50806262707775
commander,1572.1099172881784,193.50806262707775
dpb,1572.1099172881784,193.50806262707775
cortese187,1572.1099172881784,193.50806262707775
ivor,1572.1099172881784,193.50806262707775
dr. lampy,1572.1099172881784,193.50806262707775
socrates,1572.1099172881784,193.50806262707775
kyle,1572.1099172881784,193.50806262707775
fancy,1572.1099172881784,193.50806262707775
skyfire,1572.1099172881784,193.50806262707775
sebula4,1572.1099172881784,193.50806262707775
deathcpo,1572.1099172881784,193.50806262707775
broly,1572.1099172881784,193.50806262707775
kraines,1572.1099172881784,193.50806262707775
moogle,1572.1099172881784,193.50806262707775
bamster,1572.1099172881784,193.50806262707775
justin,1572.1099172881784,193.50806262707775
king lumsy,1572.1099172881784,193.50806262707775
eg,1572.1099172881784,193.50806262707775
coin chaser,1572.1099172881784,193.50806262707775
dirtcruncher,1572.1099172881784,193.50806262707775
duffman,1572.1099172881784,193.50806262707775
bread,1564.1039062682223,129.01161613148298
rgood,1556.4359848911845,171.19048424642259
nacl,1556.4359848911845,171.19048424642259
dtan,1556.4359848911845,171.19048424642259
yunque,1556.4359848911845,171.19048424642259
nta,1556.4359848911845,171.19048424642259
b link,1556.4359848911845,171.19048424642259
seÃ±orhen10r,1556.4359848911845,171.19048424642259
the dark gentleman,1556.4359848911845,171.19048424642259
bon,1556.4359848911845,171.19048424642259
kabal,1556.4359848911845,171.19048424642259
satan [turner],1556.4359848911845,171.19048424642259
stonefallow,1556.4359848911845,171.19048424642259
supa,1556.4359848911845,171.19048424642259
star king,1556.4359848911845,171.19048424642259
cyoonit,1556.4359848911845,171.19048424642259
gravyfingers,1556.4359848911845,171.19048424642259
connor,1556.4359848911845,171.19048424642259
whitejesus,1556.4359848911845,171.19048424642259
masterhandjob,1551.4108514742582,115.53510588899712
madrush21,1551.4108514742582,115.53510588899712
q!,1546.779504860636,110.20831912594903
bigbeaver,1546.779504860636,110.20831912594903
dizzle,1546.3592587608696,155.1564405448087
nesskhalifa,1546.3592587608696,155.1564405448087
ibc,1546.3592587608696,155.1564405448087
iheartqueso,1546.3592587608696,155.1564405448087
limesoda,1546.3592587608696,155.1564405448087
k-nut,1546.3592587608696,155.1564405448087
rizner,1546.3592587608696,155.1564405448087
moonshoe,1546.3592587608696,155.1564405448087
sonicfuzz,1539.3357959225157,142.92083248799463
tyhiggz,1539.3357959225157,142.92083248799463
subtle,1539.3357959225157,142.92083248799463
saltsizzle,1534.160460297011,133.18748653434594
the protagonist,1534.160460297011,133.18748653434594
capos,1534.160460297011,133.18748653434594
rusty,1527.0441625517383,118.50545305967287
zuko,1524.4929773778083,112.77747240346957
gaijilla,1500.0,208.52751560195418
annex,1500.0,208.52751560195418
paco,1500.0,148.66231677760138
elitescoringguy,1500.0,148.66231677760138
dasit mane,1500.0,208.52751560195418
waldo,1500.0,181.327218071054
bowl,1500.0,181.327218071054
jinjo,1500.0,208.52751560195418
bohemian milk,1500.0,208.52751560195418
maniac379,1500.0,162.58345555332244
soulbroker,1500.0,208.52751560195418
hariballz,1500.0,162.58345555332244
gato,1500.0,208.52751560195418
fck vwls,1500.0,121.7173465373465
yrn,1500.0,208.52751560195418
bre,1500.0,208.52751560195418
the (.)(.),1500.0,181.327218071054
tootmoses,1500.0,208.52751560195418
pewpewu,1500.0,208.52751560195418
karlthemarx,1500.0,208.52751560195418
beans,1500.0,162.58345555332244
clefairy as mew,1500.0,208.52751560195418
rythemretrn,1500.0,208.52751560195418
dogg,1500.0,181.327218071054
g0d,1500.0,208.52751560195418
barrels,1500.0,208.52751560195418
mr.watchandlearn,1500.0,208.52751560195418
grahamaglam,1500.0,208.52751560195418
midgetto,1500.0,162.58345555332244
funkykong,1500.0,208.52751560195418
cyan can,1500.0,208.52751560195418
zad,1500.0,208.52751560195418
scoback,1500.0,181.327218071054
jaquarium,1500.0,208.52751560195418
cooljoe,1500.0,208.52751560195418
hayrow,1500.0,208.52751560195418
vanddar,1500.0,208.52751560195418
bringdaruckus312,1500.0,208.52751560195418
kd3,1500.0,208.52751560195418
bacorn,1500.0,121.7173465373465
cuppajoe,1500.0,208.52751560195418
gumbolaya!,1500.0,208.52751560195418
meerkat,1500.0,148.66231677760138
shishkabobs5,1500.0,208.52751560195418
breakthrough,1500.0,208.52751560195418
lldl,1500.0,208.52751560195418
ctg,1500.0,181.327218071054
cwic-beam,1500.0,162.58345555332244
slartibartfast42,1500.0,208.52751560195418
horbie,1500.0,181.327218071054
tafokints,1500.0,208.52751560195418
dfx,1500.0,115.53510588899712
nich,1500.0,208.52751560195418
purtle,1500.0,181.327218071054
j9d2,1500.0,208.52751560195418
hypa,1500.0,208.52751560195418
neth,1500.0,208.52751560195418
elel,1500.0,208.52751560195418
butcher of bakersfield,1500.0,148.66231677760138
vanillarin,1500.0,208.52751560195418
leavescat,1500.0,162.58345555332244
purple fox,1500.0,208.52751560195418
fishaman p,1500.0,181.327218071054
derstuk,1500.0,162.58345555332244
kelvinheit,1500.0,148.66231677760138
studstill,1500.0,208.52751560195418
ravioli,1500.0,208.52751560195418
gamer4life,1500.0,208.52751560195418
dragoniota,1500.0,162.58345555332244
wowzers,1500.0,208.52751560195418
bflakes,1500.0,208.52751560195418
tdp,1500.0,208.52751560195418
kman,1500.0,208.52751560195418
keagsbsmashin,1500.0,208.52751560195418
savior,1500.0,208.52751560195418
waldo,1500.0,181.327218071054
hhhhhhhhhhhhhhh,1500.0,208.52751560195418
blue bear,1500.0,208.52751560195418
spamus,1500.0,208.52751560195418
cmull,1500.0,162.58345555332244
kaladin,1500.0,208.52751560195418
kirbstomper,1500.0,148.66231677760138
th3kuzinator,1500.0,137.79700659050764
mrpoo,1500.0,208.52751560195418
mixxedvegetables,1500.0,208.52751560195418
sun vulcan,1500.0,162.58345555332244
adrian,1500.0,208.52751560195418
stark,1500.0,208.52751560195418
hoofy,1500.0,162.58345555332244
stevie g$ðŸ‘ŒðŸ‘ŒðŸ‘ŒðŸ‘ŒðŸ‘ŒðŸ‘ŒðŸ‘ŒðŸ‘Œ,1500.0,208.52751560195418
shake,1500.0,208.52751560195418
tmakk,1500.0,162.58345555332244
moist,1500.0,208.52751560195418
scratch,1500.0,121.7173465373465
tauvalian,1500.0,208.52751560195418
yolochi,1500.0,208.52751560195418
poptartplug,1500.0,208.52751560195418
hamburglar,1500.0,208.52751560195418
nuggzy,1500.0,208.52751560195418
pathall,1500.0,208.52751560195418
luka,1500.0,208.52751560195418
razz,1500.0,137.79700659050764
h2o,1500.0,208.52751560195418
the drew,1500.0,208.52751560195418
bunz,1500.0,208.52751560195418
giraphe,1500.0,162.58345555332244
pochilin,1500.0,208.52751560195418
blueman,1500.0,208.52751560195418
moosh_da_moosh,1500.0,208.52751560195418
enneielle,1500.0,181.327218071054
jamjar,1500.0,121.7173465373465
droc,1500.0,208.52751560195418
wincancel,1500.0,208.52751560195418
godspeed,1500.0,148.66231677760138
jazzy jinx,1500.0,208.52751560195418
capsui,1500.0,208.52751560195418
miniohh!,1500.0,208.52751560195418
captain fabulous,1500.0,121.7173465373465
reese,1500.0,208.52751560195418
boomalready1,1500.0,148.66231677760138
salt,1500.0,208.52751560195418
nuro,1500.0,181.327218071054
marlwolfe,1500.0,181.327218071054
rawdog,1500.0,181.327218071054
korobeniki,1469.8113966522565,125.20540482411681
sunflower,1465.839539702989,133.18748653434594
aces,1465.839539702989,133.18748653434594
dankpank,1465.839539702989,133.18748653434594
mortech,1453.6407412391304,155.1564405448087
boogie!,1453.6407412391304,155.1564405448087
apparition the ambassador,1453.6407412391304,155.1564405448087
stew,1453.6407412391304,155.1564405448087
moustasher,1453.6407412391304,155.1564405448087
cagt,1453.6407412391304,155.1564405448087
village mascot,1443.5640151088155,171.19048424642259
sandman,1443.5640151088155,171.19048424642259
pizza,1443.5640151088155,171.19048424642259
dubs,1443.5640151088155,171.19048424642259
v-bomber,1443.5640151088155,171.19048424642259
lalo,1443.5640151088155,171.19048424642259
myninja,1443.5640151088155,171.19048424642259
squible,1443.5640151088155,171.19048424642259
nalgas,1443.5640151088155,171.19048424642259
leaf fc,1443.5640151088155,171.19048424642259
jlo,1443.5640151088155,171.19048424642259
zbl_mystic,1443.5640151088155,171.19048424642259
frostbyte,1443.5640151088155,171.19048424642259
chicken,1442.9399936686466,121.7173465373465
macintosh,1427.8900827118216,193.50806262707775
tank,1427.8900827118216,193.50806262707775
spaghetti,1427.8900827118216,193.50806262707775
satch,1427.8900827118216,193.50806262707775
mojo,1427.8900827118216,193.50806262707775
brambramjam,1427.8900827118216,193.50806262707775
jam,1427.8900827118216,193.50806262707775
damp,1427.8900827118216,193.50806262707775
white,1427.8900827118216,193.50806262707775
killahertz,1426.8681718508858,137.79700659050764
xiivi,1426.8681718508858,137.79700659050764
taiko,1414.880579819959,148.66231677760138
kingcool,1414.880579819959,148.66231677760138
lloyd-black,1414.880579819959,148.66231677760138
daddy's milk,1414.880579819959,148.66231677760138
elu,1414.880579819959,148.66231677760138
shyguyking,1414.880579819959,148.66231677760138
kristoff,1409.4341899567696,125.20540482411681
mulkster,1400.1621863089401,227.69269482500928
flatline,1400.1621863089401,227.69269482500928
maestro,1400.1621863089401,227.69269482500928
drewgong,1400.1621863089401,227.69269482500928
train_town,1400.1621863089401,227.69269482500928
youtwo,1400.1621863089401,227.69269482500928
frogman [charette],1400.1621863089401,227.69269482500928
black rob,1400.1621863089401,227.69269482500928
hotspank,1400.1621863089401,227.69269482500928
spt,1400.1621863089401,227.69269482500928
krypto,1400.1621863089401,227.69269482500928
giggitoxin,1400.1621863089401,227.69269482500928
changed man,1400.1621863089401,227.69269482500928
ego,1400.1621863089401,227.69269482500928
tylenol jones,1400.1621863089401,227.69269482500928
izoo,1400.1621863089401,227.69269482500928
jmabate,1400.1621863089401,227.69269482500928
bc_burns,1400.1621863089401,227.69269482500928
hsf,1400.1621863089401,227.69269482500928
blahguy,1400.1621863089401,227.69269482500928
trevman,1400.1621863089401,227.69269482500928
leet,1400.1621863089401,227.69269482500928
pilot,1400.1621863089401,227.69269482500928
krutchby,1400.1621863089401,227.69269482500928
hotpocket,1400.1621863089401,227.69269482500928
throwz?!,1400.1621863089401,227.69269482500928
banana fiend,1400.1621863089401,227.69269482500928
highlyeducational,1400.1621863089401,227.69269482500928
mechanicalmarine,1400.1621863089401,227.69269482500928
tokaji,1400.1621863089401,227.69269482500928
hiv+,1400.1621863089401,227.69269482500928
flare,1400.1621863089401,227.69269482500928
zibba,1400.1621863089401,227.69269482500928
gambit,1400.1621863089401,227.69269482500928
qtip,1400.1621863089401,227.69269482500928
lucky_hamburger,1400.1621863089401,227.69269482500928
zenaga,1400.1621863089401,227.69269482500928
sadu,1400.1621863089401,227.69269482500928
mattatari,1400.1621863089401,227.69269482500928
boh,1400.1621863089401,227.69269482500928
yass2queen,1400.1621863089401,227.69269482500928
recneps,1400.1621863089401,227.69269482500928
snazzy,1400.1621863089401,227.69269482500928
evals,1400.1621863089401,227.69269482500928
jaws,1400.1621863089401,227.69269482500928
smashg0d,1400.1621863089401,227.69269482500928
sebastian,1400.1621863089401,227.69269482500928
ardent rage,1400.1621863089401,227.69269482500928
kevine,1400.1621863089401,227.69269482500928
mello,1400.1621863089401,227.69269482500928
guccipivotmaster4000,1400.1621863089401,227.69269482500928
qapples,1400.1621863089401,227.69269482500928
swankeaboo,1400.1621863089401,227.69269482500928
vidya_james,1400.1621863089401,227.69269482500928
whoopiecow,1400.1621863089401,227.69269482500928
brotherly,1400.1621863089401,227.69269482500928
thissidedown,1400.1621863089401,227.69269482500928
stdangerous,1400.1621863089401,227.69269482500928
mr_sharpie93,1400.1621863089401,227.69269482500928
missingn0,1400.1621863089401,227.69269482500928
castaway,1400.1621863089401,227.69269482500928
uprowr,1400.1621863089401,227.69269482500928
redribb0n,1400.1621863089401,227.69269482500928
nami,1400.1621863089401,227.69269482500928
ir,1400.1621863089401,227.69269482500928
dezno,1400.1621863089401,227.69269482500928
wal,1400.1621863089401,227.69269482500928
cbones,1400.1621863089401,227.69269482500928
drewskii55,1400.1621863089401,227.69269482500928
birdlordmasterbeak,1400.1621863089401,227.69269482500928
little bill,1400.1621863089401,227.69269482500928
nigel_thornberry,1400.1621863089401,227.69269482500928
hotsauce,1400.1621863089401,227.69269482500928
billbacon420,1400.1621863089401,227.69269482500928
masquerade,1400.1621863089401,227.69269482500928
pika,1400.1621863089401,227.69269482500928
paco [larkin],1400.1621863089401,227.69269482500928
schlag,1400.1621863089401,227.69269482500928
evab,1400.1621863089401,227.69269482500928
15(ichigo),1400.1621863089401,227.69269482500928
kzidek,1400.1621863089401,227.69269482500928
big d [hamiel],1400.1621863089401,227.69269482500928
searcher,1400.1621863089401,227.69269482500928
nyx,1400.1621863089401,227.69269482500928
jerzilla,1400.1621863089401,227.69269482500928
arctic,1400.1621863089401,227.69269482500928
duck chris,1400.1621863089401,227.69269482500928
kaddy,1400.1621863089401,227.69269482500928
mourin,1400.1621863089401,227.69269482500928
pokeiman_master,1400.1621863089401,227.69269482500928
andy,1400.1621863089401,227.69269482500928
ocelot,1400.1621863089401,227.69269482500928
chiefreaper,1400.1621863089401,227.69269482500928
danno,1400.1621863089401,227.69269482500928
napkins,1400.1621863089401,227.69269482500928
reptar,1400.1621863089401,227.69269482500928
esmod,1400.1621863089401,227.69269482500928
the cfb,1400.1621863089401,227.69269482500928
bodacious,1400.1621863089401,227.69269482500928
cardoso,1400.1621863089401,227.69269482500928
maaron,1400.1621863089401,227.69269482500928
precookedbread,1400.1621863089401,227.69269482500928
turtlpower,1400.1621863089401,227.69269482500928
alex,1400.1621863089401,227.69269482500928
z-rex,1400.1621863089401,227.69269482500928
zhu,1400.1621863089401,227.69269482500928
cormander,1400.1621863089401,227.69269482500928
milleneum,1398.1925492253,162.58345555332244
thenuge,1398.1925492253,162.58345555332244
the professor,1398.1925492253,162.58345555332244
blackf00t,1398.1925492253,162.58345555332244
broonz,1398.1925492253,162.58345555332244
jollie,1398.1925492253,162.58345555332244
a to the z,1398.1925492253,162.58345555332244
freddy cougar,1398.1925492253,162.58345555332244
bogmyer,1398.1925492253,162.58345555332244
icactusdog,1373.3652607019148,181.327218071054
iceking,1373.3652607019148,181.327218071054
xlax,1373.3652607019148,181.327218071054
spunker,1373.3652607019148,181.327218071054
chinstrap,1373.3652607019148,181.327218071054
blisstex,1373.3652607019148,181.327218071054
khakis,1373.3652607019148,181.327218071054
seantos,1360.922223717391,155.1564405448087
ohhhbreezy,1360.922223717391,155.1564405448087
rhubarb,1360.922223717391,155.1564405448087
dr gibs,1360.922223717391,155.1564405448087
oxycontin,1360.922223717391,155.1564405448087
redwolf,1332.523605947108,208.52751560195418
tallyshell,1332.523605947108,208.52751560195418
goosewithsocks,1330.6920453264468,171.19048424642259
weatherman,1330.6920453264468,171.19048424642259
crazyk115,1330.6920453264468,171.19048424642259
schmerka berl,1330.6920453264468,171.19048424642259
sunshinetk,1330.6920453264468,171.19048424642259
robnu,1330.6920453264468,171.19048424642259
woof,1329.7611596399179,148.66231677760138
grrg,1329.1976985149454,133.18748653434594
prime,1328.8199810059398,121.7173465373465
werewyatt,1296.3850984505998,162.58345555332244
russellsprouts,1296.3850984505998,162.58345555332244
fig,1296.3850984505998,162.58345555332244
dmolz,1296.3850984505998,162.58345555332244
rabizkoshik,1296.3850984505998,162.58345555332244
bung0o,1296.3850984505998,162.58345555332244
fen,1296.3850984505998,162.58345555332244
general1712,1296.3850984505998,162.58345555332244
kevorkian,1283.670248135465,193.50806262707775
shug,1283.670248135465,193.50806262707775
depressed eagle,1283.670248135465,193.50806262707775
mariokartmoney,1283.670248135465,193.50806262707775
putpasswordhere,1283.670248135465,193.50806262707775
twunt,1283.670248135465,193.50806262707775
kobra,1283.670248135465,193.50806262707775
magnus combosen,1268.2037061956516,155.1564405448087
eliot,1268.2037061956516,155.1564405448087
scaryman,1268.2037061956516,155.1564405448087
nagurnimaster,1252.7967479852907,253.3457704125118
spell,1252.7967479852907,253.3457704125118
lukem,1252.7967479852907,253.3457704125118
bozz,1252.7967479852907,253.3457704125118
scott,1252.7967479852907,253.3457704125118
hyperbole,1252.7967479852907,253.3457704125118
ebay,1252.7967479852907,253.3457704125118
dunos_,1252.7967479852907,253.3457704125118
fs shampoomaster,1252.7967479852907,253.3457704125118
hail_sagan,1252.7967479852907,253.3457704125118
blizz,1252.7967479852907,253.3457704125118
pigwick,1252.7967479852907,253.3457704125118
sabo,1252.7967479852907,253.3457704125118
et,1252.7967479852907,253.3457704125118
link,1252.7967479852907,253.3457704125118
jfm,1252.7967479852907,253.3457704125118
spicky,1252.7967479852907,253.3457704125118
dude,1252.7967479852907,253.3457704125118
holosly,1252.7967479852907,253.3457704125118
draxsel,1252.7967479852907,253.3457704125118
duckpimp,1252.7967479852907,253.3457704125118
flash,1252.7967479852907,253.3457704125118
thegoat,1252.7967479852907,253.3457704125118
theycallmechris,1252.7967479852907,253.3457704125118
myk,1252.7967479852907,253.3457704125118
pugdaddyfre$hlyfeogg*flva,1252.7967479852907,253.3457704125118
oljace,1252.7967479852907,253.3457704125118
amaya,1252.7967479852907,253.3457704125118
rf!,1252.7967479852907,253.3457704125118
tuna,1252.7967479852907,253.3457704125118
smashlopez64,1252.7967479852907,253.3457704125118
quinceprince,1252.7967479852907,253.3457704125118
neverpullout,1252.7967479852907,253.3457704125118
master jay,1252.7967479852907,253.3457704125118
lights,1252.7967479852907,253.3457704125118
scraggus,1252.7967479852907,253.3457704125118
ham,1252.7967479852907,253.3457704125118
deku,1252.7967479852907,253.3457704125118
caelan,1252.7967479852907,253.3457704125118
avian,1252.7967479852907,253.3457704125118
marfslayer 3000,1252.7967479852907,253.3457704125118
juno,1252.7967479852907,253.3457704125118
bronze_sun,1252.7967479852907,253.3457704125118
riseup93,1252.7967479852907,253.3457704125118
miles,1252.7967479852907,253.3457704125118
mike4real,1252.7967479852907,253.3457704125118
warmachine1919,1252.7967479852907,253.3457704125118
goomah,1252.7967479852907,253.3457704125118
bennyboy98,1252.7967479852907,253.3457704125118
hero,1252.7967479852907,253.3457704125118
thac0,1252.7967479852907,253.3457704125118
legoman,1252.7967479852907,253.3457704125118
laugh,1252.7967479852907,253.3457704125118
tbone,1252.7967479852907,253.3457704125118
ubll black mage,1252.7967479852907,253.3457704125118
kezzup,1252.7967479852907,253.3457704125118
electricgazelle,1252.7967479852907,253.3457704125118
instacover,1252.7967479852907,253.3457704125118
adubz,1252.7967479852907,253.3457704125118
sianvar,1252.7967479852907,253.3457704125118
bonerstorm,1252.7967479852907,253.3457704125118
miken,1252.7967479852907,253.3457704125118
beaver,1252.7967479852907,253.3457704125118
falln,1252.7967479852907,253.3457704125118
sweaters,1252.7967479852907,253.3457704125118
polarbair,1252.7967479852907,253.3457704125118
dk dredd,1252.7967479852907,253.3457704125118
nikku,1252.7967479852907,253.3457704125118
uncle onion,1252.7967479852907,253.3457704125118
ryden hope,1252.7967479852907,253.3457704125118
mrryanness,1252.7967479852907,253.3457704125118
jose,1252.7967479852907,253.3457704125118
hungrybox,1252.7967479852907,253.3457704125118
lonk,1252.7967479852907,253.3457704125118
bus,1252.7967479852907,253.3457704125118
dennysgrandslambreakfast,1252.7967479852907,253.3457704125118
jobook,1252.7967479852907,253.3457704125118
4 phri,1252.7967479852907,253.3457704125118
mr.e [rohr],1252.7967479852907,253.3457704125118
ppdmd,1252.7967479852907,253.3457704125118
sven stormbeard,1252.7967479852907,253.3457704125118
hans_mawell,1252.7967479852907,253.3457704125118
nyani,1252.7967479852907,253.3457704125118
charlie,1252.7967479852907,253.3457704125118
thedarkdreamer,1252.7967479852907,253.3457704125118
urpasmash,1252.7967479852907,253.3457704125118
digital cannon,1252.7967479852907,253.3457704125118
izze,1252.7967479852907,253.3457704125118
superduperfanofboom,1252.7967479852907,253.3457704125118
tydye,1252.7967479852907,253.3457704125118
failcant,1252.7967479852907,253.3457704125118
bear,1252.7967479852907,253.3457704125118
kraken,1252.7967479852907,253.3457704125118
swerve,1252.7967479852907,253.3457704125118
nfreak,1252.7967479852907,253.3457704125118
sugaaku,1252.7967479852907,253.3457704125118
dishier wand,1252.7967479852907,253.3457704125118
nokto,1252.7967479852907,253.3457704125118
darv,1252.7967479852907,253.3457704125118
patty-wagon,1252.7967479852907,253.3457704125118
sam,1252.7967479852907,253.3457704125118
bunnyblast,1252.7967479852907,253.3457704125118
i use tap jump,1252.7967479852907,253.3457704125118
thisisgettingold,1252.7967479852907,253.3457704125118
scuttlebug jamboree,1252.7967479852907,253.3457704125118
charlie harper,1252.7967479852907,253.3457704125118
bulldog,1252.7967479852907,253.3457704125118
sad,1252.7967479852907,253.3457704125118
muthaluva777,1252.7967479852907,253.3457704125118
rickter_scale,1252.7967479852907,253.3457704125118
brendanhall,1252.7967479852907,253.3457704125118
jad,1252.7967479852907,253.3457704125118
flat nat,1252.7967479852907,253.3457704125118
levity,1252.7967479852907,253.3457704125118
tweli,1252.7967479852907,253.3457704125118
maliki,1252.7967479852907,253.3457704125118
juan doe,1252.7967479852907,253.3457704125118
jojohnson,1252.7967479852907,253.3457704125118
phalanx,1252.7967479852907,253.3457704125118
malkasaur,1252.7967479852907,253.3457704125118
pvc,1252.7967479852907,253.3457704125118
snack?,1252.7967479852907,253.3457704125118
kayo,1252.7967479852907,253.3457704125118
blank,1252.7967479852907,253.3457704125118
fs mook,1252.7967479852907,253.3457704125118
benbook,1252.7967479852907,253.3457704125118
qk shkz,1252.7967479852907,253.3457704125118
refriedjeans,1252.7967479852907,253.3457704125118
sambook,1252.7967479852907,253.3457704125118
wolfcry,1252.7967479852907,253.3457704125118
maxi,1252.7967479852907,253.3457704125118
starcutter,1252.7967479852907,253.3457704125118
curiousplaces,1252.7967479852907,253.3457704125118
magfmur,1252.7967479852907,253.3457704125118
colt,1252.7967479852907,253.3457704125118
fumofuu,1252.7967479852907,253.3457704125118
sunshine,1252.7967479852907,253.3457704125118
umi,1252.7967479852907,253.3457704125118
nardwell,1244.641739459877,148.66231677760138
tehz,1228.3025698703086,125.20540482411681
paul d,1217.820075544078,171.19048424642259
spaff,1217.820075544078,171.19048424642259
karl,1217.820075544078,171.19048424642259
multiball,1217.820075544078,171.19048424642259
jpeghero,1217.820075544078,171.19048424642259
jonnjonn,1217.820075544078,171.19048424642259
kohenbro,1217.820075544078,171.19048424642259
jet fuel,1194.5776476758997,162.58345555332244
astumpyzombie,1194.5776476758997,162.58345555332244
astumpycow,1194.5776476758997,162.58345555332244
adulix,1194.5776476758997,162.58345555332244
cat,1194.5776476758997,162.58345555332244
jimbot,1194.5776476758997,162.58345555332244
golfclubninja,1159.522319279836,148.66231677760138
nnaughtydogg,1120.0957821057445,181.327218071054
pidgezero_one,1120.0957821057445,181.327218071054
bagel,1120.0957821057445,181.327218071054
mjim,1120.0957821057445,181.327218071054
2%gay,1104.9481057617093,171.19048424642259
djltheescapade,1104.9481057617093,171.19048424642259
blanco mano,1104.9481057617093,171.19048424642259
shwang,1104.9481057617093,171.19048424642259
jeremy,1104.9481057617093,171.19048424642259
